{
    "accuracy": 0.8913043478260869,
    "precision": 0.8942307692307693,
    "recall": 0.9117647058823529,
    "f1": 0.9029126213592233,
    "roc_auc": 0.9289813486370158,
    "ensemble_weights": [
        0.011396772548093773,
        0.6500126309824745,
        0.3385905964694318
    ],
    "model_type": "ensemble",
    "timestamp": "20260112_151923"
}