{
    "accuracy": 0.8532608695652174,
    "precision": 0.8947368421052632,
    "recall": 0.8333333333333334,
    "f1": 0.8629441624365483,
    "roc_auc": 0.9249163079866093,
    "model_type": "mlp_basic",
    "timestamp": "20260112_151830"
}